Order #,Release Year,Rotten Tomatoes,Length (Minutes)
1,1972,97%,175
2,1994,98%,171
3,2000,91%,122
4,1975,97%,130
5,1990,93%,128
6,2010,96%,120
7,2019,99%,132
8,1986,92%,88
9,1986,83%,103
10,1985,93%,118
11,1957,100%,96
12,2002,93%,102
13,1950,99%,140
14,1995,91%,116
15,2001,74%,136
16,1995,76%,177
17,1994,75%,157
18,2003,89%,137
19,1940,100%,176
20,1994,89%,145
21,1974,,130
22,2008,78%,96
23,1978,86%,183
24,1974,,200
25,1940,100%,129
26,2004,83%,110
27,2010,87%,148
28,1989,84%,126
29,2006,87%,123
30,1970,92%,171
31,1980,,124
32,2009,98%,96
33,1987,72%,102
34,1998,84%,118
35,2013,92%,139
36,2005,85%,140
37,1987,72%,113
38,1988,98%,98
39,2015,89%,130
40,2010,85%,108
41,2007,92%,115
42,2014,97%,165
43,2006,94%,144
44,2003,,130
45,1995,,97
46,1986,,97
47,2008,94%,152
48,1993,94%,103
49,1988,89%,112
50,2016,94%,98
51,1999,92%,102
52,2015,,108
53,1992,84%,138
54,1988,96%,108
55,2008,93%,122
56,2013,89%,102
57,1993,96%,130
58,1990,,120
59,1993,96%,128
60,1993,94%,133
61,2006,93%,96
62,2007,83%,148
63,2007,97%,82
64,2016,91%,128
65,2006,91%,141
66,2006,92%,137
67,2001,,132
68,2015,97%,97
69,1987,92%,114
70,1999,84%,124
71,2019,86%,159
72,2015,,96
73,1992,72%,117
74,1981,94%,115
75,1954,99%,112
76,1993,96%,134
77,2008,67%,119
78,2018,,117
79,1977,82%,125
80,2012,,5
81,1999,69%,113
82,2017,,115
83,1962,93%,129
84,2022,96%,131
85,2010,,103
86,1995,,42
87,1999,,92
88,1994,72%,141
89,2009,90%,109
90,2004,88%,85
91,2008,99%,105
92,1999,87%,122
93,2007,81%,157
94,1973,95%,110
95,1995,94%,140
96,2002,,94
97,2004,86%,170
98,2005,,95
99,2000,93%,90
100,1984,,103
101,2008,,106
102,2006,64%,143
103,2013,90%,98
104,1991,96%,112
105,1979,95%,101
106,2015,91%,135
107,1957,96%,161
108,1998,42%,100
109,1993,84%,144
110,2006,74%,116
111,2007,82%,102
112,2002,87%,113
113,2021,94%,111
114,2005,83%,129
115,1997,69%,150
116,1993,75%,98
117,2004,73%,112
118,2015,95%,132
119,1973,91%,143
120,1991,81%,107
121,2006,91%,151
122,1944,97%,107
123,2015,92%,105
124,2010,96%,86
125,1987,74%,119
126,2003,99%,100
127,1994,92%,117
128,2018,97%,97
129,1997,96%,91
130,2008,85%,102
131,2007,,115
132,1966,,161
133,1978,65%,110
134,2018,77%,130
135,2007,78%,138
136,2013,95%,126
137,2006,66%,109
138,2013,,146
139,2011,93%,126
140,2016,,101
141,2017,92%,110
142,2004,,115
143,2009,,152
144,1999,96%,157
145,2008,94%,126
146,1934,98%,105
147,2012,,81
148,2019,68%,122
149,2008,87%,88
150,1992,88%,112
151,1987,,22
152,1989,82%,114
153,2014,,85
154,1989,,105
155,2008,55%,108
156,1966,89%,120
157,1962,97%,126
158,2000,93%,113
159,2007,90%,119
160,2016,98%,111
161,2005,98%,88
162,1994,,83
163,1990,63%,97
164,2014,95%,117
165,2001,83%,116
166,2016,,464
167,19,,108
168,2023,93%,180
169,2018,,105
170,2003,79%,143
171,2013,,140
172,2006,77%,130
173,1997,,109
174,1994,92%,154
175,2018,96%,90
176,1996,67%,136
177,1985,39%,91
178,1984,85%,106
179,2013,89%,123
180,1991,95%,118
181,2016,95%,106
182,2008,92%,120
183,2013,92%,95
184,1994,95%,116
185,2019,,129
186,2015,97%,129
187,2018,90%,135
188,2009,94%,127
189,1983,83%,131
190,2015,93%,136
191,2015,85%,122
192,1980,89%,127
193,2016,84%,122
194,2005,72%,128
195,1983,81%,132
196,2005,86%,92
197,2010,93%,104
198,1998,84%,119
199,1949,99%,104
200,2018,96%,96
201,2000,93%,147
202,2008,80%,96
203,2008,,103
204,2005,83%,136
205,1995,81%,103
206,2014,94%,106
207,2000,81%,107
208,2017,93%,141
209,2011,86%,131
210,2020,,119
211,2011,93%,100
212,1999,72%,97
213,2003,80%,124
214,2014,84%,110
215,2009,86%,95
216,1996,66%,149
217,2002,86%,125
218,2023,93%,112
219,1997,78%,124
220,2021,93%,93
221,1984,90%,160
222,2006,68%,118
223,1999,62%,95
224,2015,,134
225,2003,42%,106
226,1977,97%,93
227,2015,83%,115
228,1961,,95
229,2013,82%,122
230,2023,,165
231,1997,86%,139
232,2007,83%,123
233,2006,68%,143
234,2020,76%,123
235,2014,,89
236,1942,91%,69
237,2008,79%,110
238,2008,,114
239,1992,56%,127
240,2023,,220
241,2013,98%,108
242,1995,100%,101
243,1989,,90
244,2014,91%,119
245,2001,77%,144
246,2007,70%,93
247,1973,,90
248,2016,91%,85
249,2008,90%,96
250,1997,91%,155
251,2019,96%,105
252,2002,84%,119
253,1999,83%,97
254,1985,87%,97
255,1988,97%,108
256,1998,76%,108
257,2003,,122
258,1969,89%,110
259,1987,48%,94
260,2018,98%,107
261,1991,76%,128
262,2016,82%,119
263,2002,96%,141
264,1981,84%,125
265,2005,83%,115
266,2014,87%,115
267,1999,72%,126
268,2005,80%,144
269,1993,68%,113
270,2004,86%,120
271,1986,87%,119
272,2004,95%,84
273,1972,90%,109
274,1993,66%,115
275,2011,88%,110
276,2006,75%,109
277,2002,56%,133
278,2007,,90
279,1995,,128
280,1982,92%,110
281,1987,72%,100
282,1994,58%,128
283,1997,88%,127
284,1962,95%,110
285,2014,,110
286,2017,92%,107
287,2007,89%,100
288,2014,91%,113
289,2021,,109
290,1996,86%,162
291,2005,97%,110
292,2014,61%,131
293,1979,97%,112
294,2016,87%,117
295,2016,,102
296,1993,75%,113
297,2000,54%,125
298,1991,70%,105
299,2010,91%,115
300,1992,56%,124
301,1985,79%,98
302,1989,38%,95
303,1984,55%,107
304,1981,69%,127
305,2019,,152
306,2012,92%,92
307,2003,88%,97
308,1971,97%,104
309,2004,82%,118
310,2016,80%,93
311,1997,77%,129
312,2004,86%,102
313,1997,82%,106
314,2017,98%,104
315,1995,89%,105
316,2015,91%,108
317,2011,86%,157
318,2000,80%,155
319,1964,99%,110
320,1939,90%,238
321,1967,87%,106
322,2013,96%,91
323,1984,87%,106
324,2007,92%,117
325,2020,98%,160
326,1996,65%,92
327,1990,33%,96
328,2010,76%,146
329,2011,96%,133
330,2009,83%,153
331,2016,97%,102
332,1989,,93
333,2007,91%,121
334,1990,88%,137
335,2009,,131
336,1997,86%,113
337,2011,84%,98
338,2018,,118
339,2005,,9
340,2015,98%,94
341,2018,82%,117
342,2022,,165
343,2006,71%,105
344,2003,72%,111
345,2012,64%,130
346,1985,79%,108
347,1978,,116
348,1996,84%,139
349,2001,9%,91
350,2014,86%,96
351,2006,94%,86
352,2023,90%,95
353,2016,94%,106
354,1989,,112
355,1990,54%,111
356,2013,76%,95
357,2010,94%,118
358,2001,59%,132
359,2007,90%,129
360,1979,90%,105
361,1997,99%,138
362,2004,91%,93
363,1992,82%,128
364,2014,96%,101
365,1992,60%,118
366,1997,83%,86
367,2011,83%,119
368,2016,84%,120
369,1994,92%,88
370,1998,,105
371,1989,56%,93
372,1987,75%,97
373,2022,78%,112
374,1970,86%,116
375,2014,,82
376,1974,40%,125
377,2015,91%,134
378,1998,,136
379,1996,92%,98
380,1997,,98
381,2008,93%,128
382,2004,90%,132
383,1990,91%,107
384,2025,,170
385,2015,,131
386,2023,,164
387,2001,96%,92
388,2013,80%,95
389,1979,59%,126
390,1939,85%,129
391,1993,70%,125
392,2013,,131
393,1992,85%,120
394,2006,85%,122
395,1983,94%,98
396,2014,72%,97
397,1991,81%,101
398,2007,93%,122
399,2020,93%,108
400,2005,70%,126
401,2007,70%,122
402,2018,72%,120
403,1975,93%,133
404,2020,88%,103
405,1989,92%,124
406,2012,85%,103
407,1991,69%,122
408,2021,94%,128
409,1997,54%,106
410,1990,65%,119
411,1987,96%,98
412,1996,77%,129
413,1981,,108
414,2002,79%,95
415,2008,63%,106
416,1980,92%,129
417,2024,96%,89
418,1988,88%,133
419,2022,93%,97
420,2004,79%,152
421,2015,78%,156
422,1990,92%,109
423,1983,93%,99
424,2002,82%,117
425,1973,58%,83
426,1982,65%,99
427,2018,96%,135
428,2001,81%,110
429,1987,65%,101
430,2012,91%,86
431,1977,82%,118
432,1983,79%,170
433,1992,60%,107
434,2011,,90
435,1993,98%,109
436,2011,,104
437,1995,97%,137
438,1998,92%,123
439,1988,,109
440,2017,69%,121
441,2001,88%,90
442,1995,89%,115
443,1991,24%,99
444,2015,63%,150
445,2017,92%,133
446,2015,94%,117
447,2005,91%,81
448,2020,,155
449,1987,89%,117
450,2015,89%,147
451,2004,,100
452,1978,88%,143
453,2007,,117
454,1999,85%,139
455,2008,60%,91
456,1989,31%,104
457,1991,87%,130
458,1949,99%,104
459,2016,,100
460,2016,97%,100
461,2006,93%,101
462,2011,77%,115
463,2017,93%,130
464,2014,81%,123
465,1999,94%,114
466,1987,67%,102
467,1982,91%,116
468,1986,59%,110
469,1984,77%,90
470,1990,81%,113
471,2010,92%,124
472,2019,96%,90
473,2008,82%,107
474,2009,,110
475,1992,96%,130
476,1987,83%,119
477,1995,87%,106
478,2005,73%,132
479,1985,36%,131
480,2013,,180
481,2008,71%,110
482,1989,84%,116
483,2018,,4
484,2000,42%,101
485,1992,75%,115
486,1998,79%,117
487,1985,94%,112
488,1939,98%,102
489,2013,79%,179
490,1988,83%,113
491,2003,,59
492,2003,,133
493,2007,,113
494,1988,93%,111
495,2018,90%,73
496,2009,89%,107
497,1976,94%,138
498,2006,39%,107
499,2017,85%,115
500,2003,94%,101
501,2018,92%,85
502,2018,87%,118
503,2013,82%,122
504,2007,76%,160
505,1999,,95
506,2016,90%,146
507,1990,81%,121
508,1995,46%,119
509,2022,96%,109
510,2000,21%,119
511,1997,41%,89
512,1996,78%,112
513,1992,,4
514,2020,,89
515,2004,94%,80
516,2018,60%,134
517,1995,40%,89
518,1990,26%,110
519,2018,96%,135
520,1989,52%,125
521,1999,86%,81
522,2009,66%,128
523,1981,88%,108
524,2000,66%,120
525,1967,91%,111
526,2004,81%,108
527,2007,83%,110
528,2014,90%,136
529,2003,97%,107
530,2013,,89
531,2015,,85
532,2006,92%,109
533,2000,63%,121
534,1991,87%,113
535,1998,65%,115
536,1994,81%,141
537,1977,91%,138
538,2006,71%,118
539,1988,9%,104
540,2022,,98
541,2011,,117
542,1999,54%,97
543,2008,72%,166
544,2005,95%,85
545,2012,87%,165
546,1993,95%,110
547,1990,63%,105
548,1992,13%,112
549,2007,94%,112
550,2012,87%,166
551,2004,72%,96
552,2012,,95
553,2013,80%,90
554,2016,98%,92
555,1987,49%,106
556,2014,88%,106
557,2021,83%,135
558,1997,63%,117
559,2018,99%,94
560,2019,,122
561,2023,76%,109
562,2000,85%,131
563,2021,59%,145
564,2024,82%,126
565,2016,,103
566,2009,93%,93
567,1996,94%,98
568,2013,,130
569,2014,81%,125
570,1989,88%,107
571,1997,71%,126
572,2014,,60
573,1993,76%,154
574,2006,76%,135
575,2008,84%,112
576,2017,,115
577,2016,100%,90
578,2014,88%,130
579,2011,69%,107
580,2015,81%,140
581,2014,75%,135
582,2002,72%,167
583,2020,,103
584,1990,74%,126
585,1984,95%,105
586,1992,95%,100
587,1999,91%,102
588,1995,80%,130
589,2014,88%,145
590,2001,87%,137
591,1963,94%,172
592,1993,94%,101
593,2014,91%,121
594,1992,67%,110
595,2001,,152
596,2011,,130
597,2004,91%,142
598,2005,88%,157
599,2000,91%,113
600,2024,,113
601,2007,85%,115
602,2014,98%,90
603,1986,92%,114
604,2003,41%,106
605,1996,80%,86
606,2012,,101
607,2022,94%,118
608,1997,47%,101
609,2013,,105
610,2006,74%,110
611,2014,90%,114
612,1984,77%,118
613,2009,94%,106
614,2015,,88
615,2019,95%,209
616,1996,,79
617,2017,92%,94
618,2007,93%,96
619,2015,94%,80
620,2001,83%,97
621,2019,97%,130
622,2017,74%,100
623,2012,,158
624,2001,72%,96
625,1999,92%,89
626,2006,81%,137
627,1973,67%,121
628,1962,89%,153
629,2003,64%,135
630,1999,82%,188
631,1998,33%,132
632,1993,68%,115
633,2019,95%,136
634,1996,55%,106
635,2005,75%,96
636,2005,77%,124
637,2000,,116
638,2011,93%,94
639,1988,95%,126
640,2004,87%,98
641,2002,89%,145
642,2004,80%,135
643,2011,,133
644,2017,,113
645,2017,82%,140
646,1986,50%,91
647,2002,22%,96
648,1992,,80
649,2016,,84
650,1964,94%,170
651,2007,94%,83
652,2001,93%,98
653,1996,63%,95
654,1999,90%,108
655,1982,79%,124
656,2005,,130
657,1969,81%,142
658,2010,,80
659,1998,94%,123
660,2015,83%,80
661,2000,61%,165
662,1998,55%,107
663,2000,,130
664,1992,65%,101
665,1986,89%,120
666,1993,52%,109
667,1992,35%,127
668,2005,87%,129
669,1998,80%,143
670,1985,85%,130
671,2006,92%,103
672,2008,85%,114
673,1997,82%,135
674,1985,33%,96
675,2008,63%,123
676,2000,72%,113
677,2006,90%,125
678,1983,96%,193
679,1994,64%,111
680,2024,,121
681,1976,,93
682,2006,,9
683,2008,77%,102
684,1953,96%,118
685,1968,95%,138
686,2002,84%,128
687,1993,80%,114
688,2003,73%,127
689,1997,30%,116
690,1998,94%,169
691,2000,51%,88
692,2013,52%,114
693,1992,60%,106
694,1989,76%,113
695,1987,46%,111
696,2006,,93
697,2015,91%,121
698,2004,97%,127
699,2013,82%,106
700,2012,92%,120
701,2014,86%,93
702,2012,92%,145
703,2000,74%,102
704,2015,,77
705,1959,95%,121
706,2003,72%,128
707,2011,92%,87
708,2006,90%,92
709,2001,93%,107
710,1982,67%,93
711,2013,,96
712,1950,98%,110
713,2006,72%,154
714,1996,87%,96
715,2022,,158
716,1976,89%,114
717,1985,,91
718,2005,85%,116
719,2022,56%,104
720,2012,,128
721,2007,91%,158
722,2013,67%,112
723,2018,96%,120
724,1955,93%,106
725,2015,,80
726,2001,74%,122
727,1996,90%,93
728,1993,93%,119
729,1998,94%,103
730,2018,87%,94
731,2022,95%,100
732,1988,42%,107
733,2024,75%,122
734,2009,,90
735,1992,83%,103
736,2014,,99
737,1992,,94
738,1971,90%,100
739,2006,,104
740,2011,84%,139
741,1993,96%,94
742,2018,97%,94
743,2011,80%,93
744,2013,,157
745,2001,64%,90
746,2001,32%,120
747,2007,89%,122
748,2023,,20
749,2022,,113
750,2016,53%,128
751,1951,96%,105
752,1992,96%,90
753,1979,93%,117
754,2004,27%,90
755,2016,82%,92
756,2012,71%,137
757,1985,70%,113
758,2002,26%,96
759,1999,70%,103
760,2021,,109
761,1982,49%,127
762,2024,,103
763,1960,93%,125
764,1998,43%,151
765,1987,97%,104
766,2002,,94
767,2016,74%,115
768,1989,,7
769,1991,72%,137
770,2003,78%,92
771,2023,88%,114
772,1989,77%,126
773,1995,41%,121
774,1992,82%,126
775,2007,89%,123
776,2014,,101
777,1985,75%,97
778,1987,48%,103
779,1983,69%,103
780,1999,39%,93
781,2000,85%,110
782,1992,38%,129
783,1999,30%,118
784,2006,90%,84
785,1997,83%,93
786,1985,39%,102
787,2001,79%,94
788,1999,31%,100
789,1995,88%,98
790,1980,73%,98
791,1981,,95
792,1989,,94
793,2016,90%,146
794,1942,99%,102
795,2012,,89
796,2003,,106
797,2015,,85
798,2022,85%,107
799,2008,61%,141
800,1974,98%,130
801,2014,,98
802,2006,34%,107
803,1971,86%,136
804,1986,17%,87
805,1985,68%,90
806,1997,75%,105
807,1995,76%,123
808,1988,9%,111
809,2021,75%,134
810,1989,84%,96
811,1989,85%,128
812,1990,0%,89
813,2013,,99
814,1997,65%,144
815,2007,,128
816,1989,92%,120
817,1965,82%,197
818,2001,41%,87
819,1996,48%,103
820,1989,85%,109
821,2010,85%,92
822,1969,84%,95
823,2015,,98
824,1999,64%,122
825,1990,90%,105
826,1998,71%,132
827,2020,91%,123
828,1999,40%,113
829,2018,52%,129
830,1996,62%,133
831,1989,97%,114
832,2004,82%,122
833,2011,77%,135
834,1989,88%,104
835,1997,55%,93
836,2000,74%,136
837,1980,83%,111
838,2009,,94
839,1981,69%,127
840,2024,,100
841,1991,69%,118
842,2021,80%,115
843,1980,68%,95
844,1963,97%,115
845,1987,90%,116
846,2009,69%,140
847,2008,51%,110
848,2012,70%,94
849,2017,91%,122
850,2022,91%,140
851,1989,29%,105
852,1990,,162
853,1993,26%,87
854,2008,81%,116
855,2024,98%,96
856,1997,,107
857,1978,97%,91
858,2008,63%,92
859,2009,79%,100
860,2011,71%,111
861,1991,76%,111
862,1987,48%,110
863,1995,84%,170
864,2007,88%,80
865,1952,94%,85
866,2005,68%,118
867,2012,75%,100
868,1998,73%,169
869,1956,,62
870,1990,94%,100
871,2000,49%,104
872,2015,,136
873,2013,,105
874,2013,92%,91
875,1997,74%,90
876,2008,,90
877,1993,34%,117
878,1996,69%,145
879,2008,77%,124
880,2016,72%,127
881,2009,80%,108
882,2015,59%,121
883,2013,34%,119
884,1994,65%,123
885,2014,,90
886,1989,28%,97
887,1991,85%,189
888,2003,33%,87
889,2017,77%,112
890,1993,91%,127
891,2017,,75
892,2020,76%,137
893,2021,90%,146
894,1996,51%,114
895,1991,46%,105
896,2019,80%,102
897,1986,41%,116
898,1988,24%,88
899,1984,,96
900,2011,68%,105
901,1989,92%,82
902,2006,91%,101
903,1989,31%,109
904,1996,91%,135
905,2003,,201
906,2017,,92
907,1986,76%,100
908,2015,97%,120
909,1994,5%,105
910,1941,99%,100
911,2016,96%,135
912,2008,,91
913,1964,97%,139
914,2012,85%,136
915,2003,85%,138
916,2005,75%,96
917,2023,91%,113
918,2004,84%,97
919,2000,85%,108
920,2004,38%,115
921,2002,38%,88
922,2017,92%,110
923,1969,89%,113
924,2018,81%,84
925,1996,52%,126
926,2006,73%,126
927,2020,,86
928,2011,94%,126
929,1987,90%,101
930,1986,78%,117
931,2007,,43
932,1993,90%,111
933,2001,84%,147
934,2020,,104
935,2002,76%,95
936,1991,,86
937,2004,72%,96
938,1985,37%,95
939,2004,47%,131
940,1984,83%,138
941,1976,91%,121
942,2011,66%,105
943,1983,71%,134
944,1998,,96
945,2016,91%,116
946,1984,94%,91
947,2001,32%,89
948,1998,53%,111
949,1983,41%,131
950,1999,82%,89
951,2006,97%,86
952,2003,60%,88
953,2022,86%,105
954,1987,58%,99
955,1987,,93
956,2025,,106
957,2014,,98
958,2002,,112
959,1998,,128
960,1992,,84
961,2023,,106
962,1998,,115
963,1993,,141
964,1996,,130
965,1993,,138
966,1953,,77
967,1996,,123
968,1993,,125
969,1998,,124
970,2001,,124
971,1984,,96
972,1983,,98
973,1990,,101
974,2023,,89
975,2012,,90
976,1988,,97
977,1977,,86
978,1996,,121
979,2018,,102
980,1993,,129
981,2011,,80
982,1991,,143
983,1979,,119
984,1997,,92
985,1998,,93
986,1993,,195
987,2021,,112
988,2006,,96
989,2022,,155
990,2001,,114
991,2010,,104
992,1996,,96
993,2007,,126
994,1986,,98
995,2013,,100
996,2010,,138
997,2004,,92
998,2018,,116
999,2020,,4
1000,1993,,112
1001,1999,,107
1002,2006,,83
1003,2014,,77
1004,1996,,147
1005,2023,,95
1006,2008,,95
1007,1937,,83
1008,2007,,19
1009,2001,,126
1010,1985,,110
1011,1997,,129
1012,1989,,118
1013,2014,,100
1014,2008,,109
1015,1951,,122
1016,2009,,102
1017,2002,,108
1018,1988,,115
1019,1991,,137
1020,1984,,107
1021,2000,,145
1022,2012,,134
1023,2024,,103
1024,1965,,130
1025,1994,,99
1026,1996,,135
1027,1997,,119
1028,2022,,135
1029,2004,,107
1030,2019,,125
1031,1996,,97
1032,1996,,113
1033,1989,,100
1034,2010,,94
1035,1993,,102
1036,1999,,106
1037,2022,,107
1038,1996,,84
1039,2013,,103
1040,2007,,117
1041,1989,,97
1042,1961,,153
1043,2023,,92
1044,1993,,118
1045,1988,,104
1046,2006,,92
1047,2000,,108
1048,1969,,135
1049,1988,,126
1050,2010,,100
1051,1994,,125
1052,2006,,94
1053,2019,,78
1054,2008,,117
1055,2008,,101
1056,2012,,109
1057,1994,,96
1058,2015,,93
1059,1986,,80
1060,1999,,162
1061,2015,,92
1062,2018,,117
1063,1983,,88
1064,2012,,93
1065,1968,,134
1066,2011,,124
1067,2015,,76
1068,1988,,86
1069,2018,,120
1070,2018,,130
1071,2016,,103
1072,2007,,99
1073,2008,,112
1074,2021,,138
1075,2016,98%,92
1076,2004,,111
1077,2008,,104
1078,2013,,107
1079,2013,,97
1080,2022,,129
1081,2001,,107
1082,2005,,104
1083,1992,,102
1084,2007,,160
1085,2012,,100
1086,1953,,122
1087,2015,,99
1088,2018,,88
1089,1997,,92
1090,2001,,111
1091,1987,,102
1092,2012,,122
1093,2003,,94
1094,2007,,101
1095,2009,,100
1096,2024,,115
1097,2012,,95
1098,2023,,144
1099,2016,,106
1100,2015,,89
1101,2024,,110
1102,1962,,227
1103,1998,,127
1104,1989,,83
1105,2011,,100
1106,2019,,115
1107,2014,,90
1108,2023,,90
1109,1997,,105
1110,1999,,107
1111,2008,,90
1112,2015,,123
1113,1995,,192
1114,2000,,107
1115,2004,,125
1116,1983,,91
1117,2015,,109
1118,2001,,115
1119,2015,,91
1120,2023,,87
1121,1998,,121
1122,2008,,120
1123,2003,,110
1124,1956,,119
1125,1994,,89
1126,2009,,128
1127,1992,,99
1128,1998,,98
1129,2011,,84
1130,1993,,114
1131,2015,,108
1132,1965,,175
1133,2015,,120
1134,2006,,113
1135,2007,,113
1136,2011,,111
1137,2024,,105
1137,1996,,88
1138,2002,,101
1139,1992,,111
1140,1996,,124
1141,2007,,108
1142,2007,,96
1143,2015,,87
1144,2008,,99
1145,2000,42%,98
1146,2012,,106
1147,1990,,104
1148,1986,,110
1149,1998,,119
1150,1968,,149
1151,2019,,109
1152,2022,,101
1153,2001,,129
1154,2002,,110
1155,1988,,99
1156,1997,,121
1157,1989,,140
1158,2014,,96
1159,1994,,86
1160,1995,,90
1161,2022,,106
1162,2023,,87
1163,2000,,116
1164,1983,,91
1165,2001,,104
1166,2004,,90
1167,2014,,142
1168,2001,,108
1169,1979,,147
1170,2023,,105
1171,1996,,115
1172,2015,,100
1173,1995,,133
1174,2012,,142
1175,2015,,141
1176,2024,,115
1177,1984,,105
1178,1990,,8
1179,2003,,147
1180,1995,,102
1181,2017,,116
1182,1997,,125
1183,2016,,6
1184,2001,,106
1185,1999,,113
1186,1991,,70
1187,2014,,76
1188,1994,,104
1189,2000,,99
1190,1986,,99
1191,1991,,93
1192,1996,,117
1193,2021,,134
1194,1998,,120
1195,2015,,1
1196,2017,,85
1197,1994,,121
1198,2012,,135
1199,2016,,122
1200,2000,,98
1201,2003,,105
1202,2005,,106
1203,2009,,92
1204,1996,,84
1205,1989,,102
1206,2019,,128
1207,2016,,98
1208,2011,,112
1209,1995,,178
1210,2000,,143
1211,2000,,84
1212,1988,,87
1213,1998,,114
1214,1994,,116
1215,1983,,98
1215,1994,,92
1216,2005,,136
1217,1988,,117
1218,1991,,118
1219,1997,,115
1220,1997,,135
1221,1967,,127
1222,1996,,115
1223,2000,,100
1224,1996,,101
1225,1994,,102
1226,1992,,112
1227,1992,,101
1228,1990,,181
1229,1995,,99
1230,2010,,88
1231,2006,,149
1232,2016,,98
1233,1990,,107
1234,1992,,104
1235,1999,,88
1236,1997,,111
1237,1971,,120
1238,1995,,128
1239,2022,,118
1240,1991,,104
1241,2017,,130
1242,2001,,113
1243,1999,,105
1244,2001,,11
1245,2014,,109
1246,2013,,90
1247,2011,,100
1248,1999,,91
1249,2001,,80
1250,2015,,100
1251,2023,,105
1252,1996,,100
1253,1995,,90
1254,2022,,97
1255,1995,,91
1256,1987,,92
1257,1996,,101
1258,2013,,115
1259,2015,,85
1260,2004,,89
1261,2018,,90
1262,2022,,132
1263,2010,,103
1264,2009,,99
1265,1996,,118
1266,1989,,110
1267,1996,,116
1268,2009,,107
1269,1982,,90
1270,1995,,106
1271,2011,,99
1272,1996,,97
1273,2016,,105
1274,1996,,103
1275,1986,,96
1276,1999,,137
1277,1988,,120
1278,1993,,112
1279,1996,,104
1280,2019,,104
1281,1997,,125
1282,1986,,94
1283,2000,,118
1284,1987,,121
1285,2015,,80
1286,1990,,106
1287,2022,,129
1288,1993,,103
1289,2005,,105
1290,1995,,105
1291,1981,,92
1292,2017,,103
1293,1986,,107
1294,2011,,75
1295,1998,,136
1296,2005,,97
1297,1989,,103
1298,2006,,136
1299,1992,,120
1300,1992,,89
1301,1991,,142
1302,1998,,114
1303,2011,,97
1304,2014,,108
1305,2015,,84
1306,1993,,88
1307,1991,,94
1308,1992,,102
1309,1994,,111
1310,2014,,125
1311,2016,,82
1312,2016,,115
1313,2022,,104
1314,2007,,140
1315,2013,,104
1316,1999,,126
1317,1990,,115
1318,2010,,124
1319,2005,,136
1320,1997,,124
1321,2016,,123
1322,1985,,106
1323,2007,,124
1324,1990,,102
1325,2017,,122
1326,2005,,106
1327,1991,,132
1328,1994,,109
1329,1993,,117
1330,1989,,112
1331,1989,,6
1332,1989,,97
1333,2011,,117
1334,2003,,111
1335,1995,,101
1336,1997,,115
1337,2010,,130
1338,1991,,95
1339,1993,,130
1340,2004,,105
1341,2000,,126
1342,2021,,133
1343,1990,,108
1344,1989,92%,82
1345,2019,,135
1346,1987,,130
1347,2016,,99
1348,2014,,122
1349,1990,,81
1350,2012,,119
1351,1993,,111
1352,2002,,105
1353,2001,,152
1354,2004,,129
1355,2015,,88
1356,2011,,109
1357,1990,,93
1358,1994,,101
1359,2003,,138
1360,1994,,127
1361,2006,,90
1362,2024,,112
1363,1990,,98
1364,1993,,97
1365,2022,,107
1366,2006,,132
1367,2009,,97
1368,1999,,102
1369,1992,,104
1370,2016,,98
1371,2000,,123
1372,1997,,107
1373,1991,,102
1374,1988,,104
1375,1994,,83
1376,1989,,97
1377,2017,,77
1378,1991,,108
1379,1998,,140
1380,2016,,92
1381,1995,,114
1382,1985,,87
1383,1994,,110
1384,1997,,98
1385,2016,,107
1386,2018,,110
1387,1986,,93
1388,1996,,108
1389,1991,,83
1390,1990,,102
1391,2006,,118
1392,1985,,89
1393,1999,,100
1394,1997,,124
1395,1987,,93
1396,1992,,93
1397,1985,,87
1398,1986,,84
1399,1987,,88
1400,1985,,92
1401,1990,,95
1402,1987,,107
1403,2005,,105
1404,1994,,104
1405,2000,,135
1406,1960,,109
1407,1990,,102
1408,1990,,102
1409,1988,,128
1410,1999,,124
1411,2007,,111
1412,1986,,106
1413,2018,,140
1414,1988,,104
1415,1994,,93
1416,1991,,107
1417,1994,,128
1418,1992,,99
1419,2014,,106
1420,1991,,102
1421,2004,,105
1422,2001,,132
1423,2024,,114
1424,2000,,93
1425,2006,,102
1426,1990,,104
1427,1993,,103
1428,2005,,97
1429,1999,,116
1430,1998,,98
1431,1990,,123
1432,2001,,124
1433,2023,,117
1434,2000,,116
1435,2018,,105
1436,1954,,207
1437,1999,,95
1438,2014,,93
1439,1980,,146
1440,2005,,106
1441,2007,,93
1442,1998,,116
1443,1998,,121
1444,1992,,107
1445,2015,,122
1446,2012,,90
1447,1998,,99
1448,1993,,107
1449,1992,,126
1450,2020,,94
1451,2000,,130
1452,2020,,40
1453,1994,,110
1454,2020,,111
1455,2019,,130
1456,1984,,111
1457,1993,,109
1458,1977,,121
1459,1980,,124
1460,1983,,131
1461,2004,,101
1462,1983,,93
1463,1993,,102
1464,1996,,114
1465,2002,,124
1466,1987,,97
1467,2001,,99
1468,2022,,134
1469,2001,,109
1470,2006,,108
1471,2010,,101
1472,2014,,101
1473,2021,,106
1474,2004,,128
1475,1996,,108
1476,1995,,115
1477,2013,,107
1478,1987,,88
1479,1997,,194
1480,2013,,104
1481,1988,,48
1482,1986,,104
1483,2011,,91
1484,1998,,131
1485,2000,,106
1486,2022,,116
1487,2019,,135
1488,2024,,93
1489,1992,,102
1490,2021,,68
1491,2015,,99
1492,2006,,97
1493,1988,,107
1494,1988,,98
1495,1985,,107
1496,1997,,104
1497,2010,,102
1498,2010,,98
1499,1995,,135
1500,1993,,95
1501,2005,,119
1502,2001,,97
1503,1998,,113
1504,2000,,127
1505,2018,,97
1506,2004,,106
1507,1996,,129
1508,2006,,99
1509,1986,,106
1510,2001,,89
1511,2004,,80
1512,1999,,128
1513,2006,,104
1514,2014,,131
1515,2002,,124
1516,2019,,112
1517,2023,,117
1518,2005,,107
1519,2000,,103
1520,2016,,101
1521,1988,,93
1522,1997,,88
1523,2021,,133
1524,2013,,90
1525,2016,,100
1526,2003,,108
1527,2004,,96
1528,1999,,105
1529,2004,,110
1530,2016,,112
1531,2008,,106
1532,2006,,139
1533,2002,,104
1534,2016,,110
1535,2003,,116
1536,1995,,96
1537,2005,,113
1538,2014,,89
1539,2005,,125
1540,2013,,129
1541,2006,,95
1542,2008,,101
1543,2006,,151
1544,1994,,127
1545,2005,,85
1546,1988,,110
1547,1995,,106
1548,2014,,114
1549,2018,,105
1550,2008,,120
1551,2015,,87
1552,2015,,94
1553,2014,,108
1554,1967,,117
1555,1996,,103
1556,2013,,119
1557,1980,,88
1558,2019,,102
1559,2023,,90
1560,2022,,192
1561,1976,,102
1562,2008,,99
1563,2011,,92
1564,1993,,107
1565,2016,,151
1566,2006,,106
1567,2011,,124
1568,1996,,96
1569,2024,,119
1570,2006,,124
1571,2003,,106
1572,1994,,94
1573,2009,,96
1574,1941,,119
1575,1994,,121
1576,2007,,93
1577,2009,,114
1578,2023,,116
1579,1989,,86
1580,2005,,103
1581,2022,,106
1582,2010,,113
1583,2014,,139
1584,1991,,110
1585,1991,,103
1586,2005,,123
1587,2015,,105
1588,2015,,85
1589,2015,,98
1590,2024,,111
1591,1996,,102
1592,2015,,104
1593,2011,,113
1594,2007,,113
1595,2010,,109
1596,1989,,108
1597,2007,,167
1598,2009,,90
1599,2011,,106
1600,2023,,103
1601,1986,,110
1602,1991,,100
1603,2018,,120
1604,2008,,114
1605,2015,,119
1606,1987,,89
1607,2005,,94
1608,2019,,95
1609,2007,,106
1610,2008,,92
1611,2018,,98
1612,1986,,94
1613,1998,,100
1614,1996,,90
1615,1999,,136
1616,2019,,100
1617,1995,,90
1618,2006,,108
1619,2023,,103
1620,2011,,108
1621,2013,,115
1622,1991,,91
1623,2023,,123
1624,2012,,59
1625,2023,,106
1626,2012,,112
1627,2009,,108
1628,1986,,96
1629,2021,,107
1630,2003,,115
1631,2012,,123
1632,2018,,93
1633,2001,,112
1634,2023,,116
1635,1977,,123
1636,2006,,108
1637,1984,,93
1638,1992,,87
1639,1981,,105
1640,2018,,98
1641,1984,,89
1642,1987,,90
1643,2010,,101
1644,2012,,115
1645,1994,,102
1646,2012,,112
1647,1990,,104
1648,2021,,107
1649,2011,,99
1650,1983,,118
1651,2001,,144
1652,2008,,123
1653,2001,,136
1654,1981,,116
1655,2008,,129
1656,2010,,136
1657,1992,,126
1658,2022,,92
1659,2019,,100
1660,1989,,100
1661,2022,,98
1662,2006,,110
1663,2023,,109
1664,2006,,112
1665,2003,,110
1666,2015,,91
1667,2004,,108
1668,2009,,99
1669,2005,,98
1670,2007,,169
1671,2001,,90
1672,2005,,124
1673,2015,,95
1674,2006,,117
1675,2003,,103
1676,1927,,79
1677,2023,,80
1678,2004,,104
1679,2003,,101
1680,1982,,93
1681,1990,,96
1682,1996,,114
1683,2009,,103
1684,2020,,120
1685,2005,,103
1686,2005,,106
1687,1999,,139
1688,2005,,98
1689,2007,,110
1690,2019,,81
1691,2007,,116
1692,2009,,129
1693,2010,,100
1694,2003,,100
1695,2005,,95
1696,1999,,126
1697,1994,,119
1698,2020,,94
1699,1987,,96
1700,1988,,93
1701,1989,,89
1702,1991,,109
1703,2023,,95
1704,2010,,119
1705,2019,,89
1706,2008,,85
1707,2018,,100
1708,1999,,83
1709,2010,,123
1710,1958,,128
1711,2004,,98
1712,2013,,148
1713,2017,,113
1714,2002,,112
1715,2006,,117
1716,2005,,90
1717,2003,,116
1718,2019,,130
1719,2022,,107
1720,1983,,125
1721,1987,,95
1722,2010,,98
1723,2005,,97
1724,2002,,96
1725,2006,,89
1726,2009,,102
1727,1983,,99
1728,2006,,96
